5656,OX-8662021010100,2035-12-30 16:10:02,903,Access Denied,---,Date Expire
5656,OX-8662021010100,2035-12-30 16:12:40,904,Access Denied,---,Date Expire
5656,OX-8662021010100,2035-12-30 16:13:03,905,Access Denied,---,Date Expire
5656,OX-8662021010100,2035-12-30 16:13:57,906,Access Denied,---,Date Expire
5656,OX-8662021010100,2035-12-30 16:14:33,907,Access Denied,---,Date Expire
5656,OX-8662021010100,2035-12-30 16:18:46,908,Access Denied,---,Date Expire
5656,OX-8662021010100,2035-12-30 16:19:14,909,Access Denied,---,Date Expire
5656,OX-8662021010100,2035-12-30 16:20:43,910,Access Denied,---,Date Expire
5656,OX-8662021010100,2035-12-30 16:21:50,911,Access Denied,---,Date Expire
5656,OX-8662021010100,2035-12-30 16:22:02,912,Access Denied,---,Date Expire
5656,OX-8662021010100,2035-12-30 16:25:05,913,Access Denied,---,Date Expire
5656,OX-8662021010100,2035-12-30 16:27:19,914,Access Denied,---,Date Expire
5656,OX-8662021010100,2035-12-30 16:28:23,915,Access Denied,---,Date Expire
5656,OX-8662021010100,2035-12-30 16:42:09,916,Access Denied,---,Date Expire
5656,OX-8662021010100,2035-12-30 16:47:41,917,Access Denied,---,Date Expire
5656,OX-8662021010100,2035-12-30 16:48:01,918,Access Denied,---,Date Expire
5656,OX-8662021010100,2035-12-30 16:52:22,919,Access Denied,---,Date Expire
5656,OX-8662021010100,2035-12-30 16:56:44,920,Access Denied,---,Date Expire
5656,OX-8662021010100,2035-12-30 18:58:29,921,Access Denied,---,Date Expire
5656,OX-8662021010100,2035-12-30 19:01:57,922,Access Denied,---,Date Expire
5656,OX-8662021010100,2035-12-30 19:41:21,923,Access Denied,---,Date Expire
5656,OX-8662021010100,2035-12-30 19:42:59,924,Access Denied,---,Date Expire
5656,OX-8662021010100,2036-01-01 14:15:19,925,Access Denied,---,Date Expire
5656,OX-8662021010100,2036-01-01 14:15:42,926,Access Denied,---,Date Expire
5656,OX-8662021010100,2036-01-01 14:32:37,927,Access Denied,---,Date Expire
5656,OX-8662021010100,2036-01-01 14:32:50,928,Access Denied,---,Date Expire
5656,OX-8662021010100,2036-01-01 14:33:01,929,Access Denied,---,Date Expire
5656,OX-8662021010100,2036-01-01 14:33:52,930,Access Denied,---,Date Expire
5656,OX-8662021010100,2036-01-01 14:34:06,931,Access Denied,---,Date Expire
5656,OX-8662021010100,2036-01-01 14:34:21,932,Access Denied,---,Date Expire
5656,OX-8662021010100,2036-01-01 14:34:41,933,Access Denied,---,Date Expire
5656,OX-8662021010100,2036-01-01 14:34:54,934,Access Denied,---,Date Expire
5656,OX-8662021010100,2036-01-01 16:43:56,935,Access Denied,---,Date Expire
5656,OX-8662021010100,2036-01-01 16:44:07,936,Access Denied,---,Date Expire
5656,OX-8662021010100,2036-01-01 16:44:43,937,Access Denied,---,Date Expire
5656,OX-8662021010100,2036-01-01 16:45:54,938,Access Denied,---,Date Expire
5656,OX-8662021010100,2036-01-01 16:46:05,939,Access Denied,---,Date Expire
5656,OX-8662021010100,2036-01-01 16:46:37,940,Access Denied,---,Date Expire
5656,OX-8662021010100,2036-01-01 16:46:48,941,Access Denied,---,Date Expire
5656,OX-8662021010100,2036-01-01 16:47:03,942,Access Denied,---,Date Expire
5656,OX-8662021010100,2036-01-01 16:47:24,943,Access Denied,---,Date Expire
5656,OX-8662021010100,2036-01-01 16:47:35,944,Access Denied,---,Date Expire
5656,OX-8662021010100,2036-01-01 16:47:50,945,Access Denied,---,Date Expire
5656,OX-8662021010100,2036-01-01 16:48:04,946,Access Denied,---,Date Expire
5656,OX-8662021010100,2036-01-01 16:48:16,947,Access Denied,---,Date Expire
5656,OX-8662021010100,2036-01-01 16:48:36,948,Access Denied,---,Date Expire
5656,OX-8662021010100,2036-01-01 16:48:47,949,Access Denied,---,Date Expire
5656,OX-8662021010100,2036-01-01 16:48:58,950,Access Denied,---,Date Expire
5656,OX-8662021010100,2036-01-01 16:49:13,951,Access Denied,---,Date Expire
5656,OX-8662021010100,2036-01-01 16:49:24,952,Access Denied,---,Date Expire
5656,OX-8662021010100,2036-01-01 16:49:36,953,Access Denied,---,Date Expire
5656,OX-8662021010100,2036-01-01 16:49:54,954,Access Denied,---,Date Expire
5656,OX-8662021010100,2036-01-01 16:50:13,955,Access Denied,---,Date Expire
5656,OX-8662021010100,2036-01-01 16:50:24,956,Access Denied,---,Date Expire
5656,OX-8662021010100,2036-01-01 16:50:35,957,Access Denied,---,Date Expire
5656,OX-8662021010100,2036-01-01 16:50:46,958,Access Denied,---,Date Expire
5656,OX-8662021010100,2036-01-01 16:50:59,959,Access Denied,---,Date Expire
5656,OX-8662021010100,2036-01-01 16:51:14,960,Access Denied,---,Date Expire
5656,OX-8662021010100,2036-01-01 16:51:26,961,Access Denied,---,Date Expire
5656,OX-8662021010100,2036-01-01 16:51:37,962,Access Denied,---,Date Expire
5656,OX-8662021010100,2036-01-01 16:51:59,963,Access Denied,---,Date Expire
5656,OX-8662021010100,2036-01-01 16:52:21,964,Access Denied,---,Date Expire
5656,OX-8662021010100,2036-01-01 16:52:37,965,Access Denied,---,Date Expire
5656,OX-8662021010100,2036-01-01 16:52:51,966,Access Denied,---,Date Expire
5656,OX-8662021010100,2036-01-01 16:53:03,967,Access Denied,---,Date Expire
5656,OX-8662021010100,2036-01-01 16:53:21,968,Access Denied,---,Date Expire
5656,OX-8662021010100,2036-01-01 16:53:41,969,Access Denied,---,Date Expire
5656,OX-8662021010100,2036-01-01 16:54:11,970,Access Denied,---,Date Expire
5656,OX-8662021010100,2036-01-01 16:54:22,971,Access Denied,---,Date Expire
5656,OX-8662021010100,2036-01-01 17:00:01,972,Access Denied,---,Date Expire
5656,OX-8662021010100,2036-01-01 17:00:12,973,Access Denied,---,Date Expire
5656,OX-8662021010100,2036-01-01 17:00:23,974,Access Denied,---,Date Expire
5656,OX-8662021010100,2036-01-01 17:00:59,975,Access Denied,---,Date Expire
5656,OX-8662021010100,2036-01-01 17:01:14,976,Access Denied,---,Date Expire
5656,OX-8662021010100,2036-01-01 17:02:08,977,Access Denied,---,Date Expire
5656,OX-8662021010100,2036-01-01 17:04:28,978,Access Denied,---,Date Expire
5656,OX-8662021010100,2036-01-01 17:06:02,979,Access Denied,---,Date Expire
5656,OX-8662021010100,2036-01-01 17:06:24,980,Access Denied,---,Date Expire
5656,OX-8662021010100,2036-01-01 17:06:38,981,Access Denied,---,Date Expire
5656,OX-8662021010100,2036-01-01 17:06:56,982,Access Denied,---,Date Expire
5656,OX-8662021010100,2036-01-01 17:07:16,983,Access Denied,---,Date Expire
5656,OX-8662021010100,2036-01-01 17:07:36,984,Access Denied,---,Date Expire
5656,OX-8662021010100,2036-01-01 17:07:48,985,Access Denied,---,Date Expire
5656,OX-8662021010100,2036-01-01 17:08:11,986,Access Denied,---,Date Expire
5656,OX-8662021010100,2036-01-01 17:08:49,987,Access Denied,---,Date Expire
5656,OX-8662021010100,2036-01-01 17:09:50,988,Access Denied,---,Date Expire
5656,OX-8662021010100,2036-01-01 17:10:01,989,Access Denied,---,Date Expire
5656,OX-8662021010100,2036-01-01 17:10:20,990,Access Denied,---,Date Expire
5656,OX-8662021010100,2036-01-01 17:10:48,991,Access Denied,---,Date Expire
5656,OX-8662021010100,2036-01-01 17:11:16,992,Access Denied,---,Date Expire
5656,OX-8662021010100,2036-01-01 17:11:30,993,Access Denied,---,Date Expire
5656,OX-8662021010100,2036-01-01 17:11:46,994,Access Denied,---,Date Expire
5656,OX-8662021010100,2036-01-01 17:11:57,995,Access Denied,---,Date Expire
5656,OX-8662021010100,2036-01-01 17:12:16,996,Access Denied,---,Date Expire
5656,OX-8662021010100,2036-01-01 17:12:28,997,Access Denied,---,Date Expire
5656,OX-8662021010100,2036-01-01 17:13:58,998,Access Denied,---,Date Expire
5656,OX-8662021010100,2036-01-01 17:14:30,999,Access Denied,---,Date Expire
5656,OX-8662021010100,2036-01-01 17:14:43,1000,Access Denied,---,Date Expire
5656,OX-8662021010100,2036-01-01 17:16:48,1001,Access Denied,---,Date Expire
5656,OX-8662021010100,2036-01-01 17:19:24,1002,Access Denied,---,Date Expire
5656,OX-8662021010100,2036-01-01 17:19:45,1003,Access Denied,---,Date Expire
5656,OX-8662021010100,2036-01-01 17:19:56,1004,Access Denied,---,Date Expire
5656,OX-8662021010100,2036-01-01 17:20:13,1005,Access Denied,---,Date Expire
5656,OX-8662021010100,2036-01-01 17:20:25,1006,Access Denied,---,Date Expire
5656,OX-8662021010100,2036-01-01 17:21:35,1007,Access Denied,---,Date Expire
5656,OX-8662021010100,2036-01-01 17:21:46,1008,Access Denied,---,Date Expire
5656,OX-8662021010100,2036-01-01 17:22:20,1009,Access Denied,---,Date Expire
5656,OX-8662021010100,2036-01-01 17:22:31,1010,Access Denied,---,Date Expire
5656,OX-8662021010100,2036-01-01 17:22:42,1011,Access Denied,---,Date Expire
5656,OX-8662021010100,2036-01-01 17:22:53,1012,Access Denied,---,Date Expire
5656,OX-8662021010100,2036-01-01 17:35:50,1013,Access Denied,---,Date Expire
5656,OX-8662021010100,2036-01-01 17:40:36,1014,Access Denied,---,Date Expire
5656,OX-8662021010100,2036-01-01 18:16:52,1015,Access Denied,---,Date Expire
5656,OX-8662021010100,2036-01-01 18:17:04,1016,Access Denied,---,Date Expire
5656,OX-8662021010100,2036-01-01 18:17:17,1017,Access Denied,---,Date Expire
5656,OX-8662021010100,2036-01-01 18:17:30,1018,Access Denied,---,Date Expire
5656,OX-8662021010100,2036-01-01 18:20:30,1019,Access Denied,---,Date Expire
5656,OX-8662021010100,2036-01-01 18:21:11,1020,Access Denied,---,Date Expire
5656,OX-8662021010100,2036-01-01 18:21:54,1021,Access Denied,---,Date Expire
5656,OX-8662021010100,2036-01-01 18:47:08,1022,Access Denied,---,Date Expire
5656,OX-8662021010100,2036-01-01 18:47:31,1023,Access Denied,---,Date Expire
5656,OX-8662021010100,2036-01-01 18:48:06,1024,Access Denied,---,Date Expire
5656,OX-8662021010100,2036-01-01 18:48:21,1025,Access Denied,---,Date Expire
5656,OX-8662021010100,2036-01-01 18:48:38,1026,Access Denied,---,Date Expire
5656,OX-8662021010100,2036-01-01 18:50:39,1027,Access Denied,---,Date Expire
5656,OX-8662021010100,2036-01-01 18:51:07,1028,Access Denied,---,Date Expire
5656,OX-8662021010100,2036-01-01 18:53:37,1029,Access Denied,---,Date Expire
5656,OX-8662021010100,2036-01-01 18:55:27,1030,Access Denied,---,Date Expire
5656,OX-8662021010100,2036-01-01 18:55:39,1031,Access Denied,---,Date Expire
5656,OX-8662021010100,2036-01-01 18:55:50,1032,Access Denied,---,Date Expire
5656,OX-8662021010100,2036-01-01 18:56:48,1033,Access Denied,---,Date Expire
5656,OX-8662021010100,2036-01-01 18:56:59,1034,Access Denied,---,Date Expire
5656,OX-8662021010100,2036-01-01 18:58:11,1035,Access Denied,---,Date Expire
5656,OX-8662021010100,2036-01-01 18:58:28,1036,Access Denied,---,Date Expire
5656,OX-8662021010100,2036-01-01 18:58:46,1037,Access Denied,---,Date Expire
5656,OX-8662021010100,2036-01-01 18:58:57,1038,Access Denied,---,Date Expire
5656,OX-8662021010100,2036-01-01 18:59:08,1039,Access Denied,---,Date Expire
5656,OX-8662021010100,2036-01-01 18:59:21,1040,Access Denied,---,Date Expire
5656,OX-8662021010100,2036-01-01 19:00:38,1041,Access Denied,---,Date Expire
5656,OX-8662021010100,2036-01-01 19:02:31,1042,Access Denied,---,Date Expire
5656,OX-8662021010100,2036-01-01 19:03:31,1043,Access Denied,---,Date Expire
5656,OX-8662021010100,2036-01-01 19:04:18,1044,Access Denied,---,Date Expire
5656,OX-8662021010100,2036-01-01 19:04:33,1045,Access Denied,---,Date Expire
5656,OX-8662021010100,2036-01-01 19:04:49,1046,Access Denied,---,Date Expire
5656,OX-8662021010100,2036-01-01 19:06:06,1047,Access Denied,---,Date Expire
5656,OX-8662021010100,2036-01-01 19:06:17,1048,Access Denied,---,Date Expire
5656,OX-8662021010100,2036-01-01 19:06:28,1049,Access Denied,---,Date Expire
5656,OX-8662021010100,2036-01-01 19:06:39,1050,Access Denied,---,Date Expire
5656,OX-8662021010100,2036-01-01 19:06:52,1051,Access Denied,---,Date Expire
5656,OX-8662021010100,2036-01-01 19:07:05,1052,Access Denied,---,Date Expire
5656,OX-8662021010100,2036-01-01 19:07:17,1053,Access Denied,---,Date Expire
5656,OX-8662021010100,2036-01-01 19:07:44,1054,Access Denied,---,Date Expire
5656,OX-8662021010100,2036-01-01 19:08:05,1055,Access Denied,---,Date Expire
5656,OX-8662021010100,2036-01-01 19:09:31,1056,Access Denied,---,Date Expire
5656,OX-8662021010100,2036-01-01 19:09:42,1057,Access Denied,---,Date Expire
5656,OX-8662021010100,2036-01-01 19:09:57,1058,Access Denied,---,Date Expire
5656,OX-8662021010100,2036-01-01 19:10:25,1059,Access Denied,---,Date Expire
5656,OX-8662021010100,2036-01-01 19:10:36,1060,Access Denied,---,Date Expire
5656,OX-8662021010100,2036-01-01 19:11:46,1061,Access Denied,---,Date Expire
5656,OX-8662021010100,2036-01-01 19:31:44,1062,Access Denied,---,Date Expire
5656,OX-8662021010100,2036-01-01 19:33:47,1063,Access Denied,---,Date Expire
5656,OX-8662021010100,2036-01-01 19:34:07,1064,Access Denied,---,Date Expire
5656,OX-8662021010100,2036-01-01 20:08:26,1065,Access Denied,---,Date Expire
5656,OX-8662021010100,2036-01-01 20:08:38,1066,Access Denied,---,Date Expire
5656,OX-8662021010100,2036-01-01 20:09:18,1067,Access Denied,---,Date Expire
5656,OX-8662021010100,2036-01-01 20:09:29,1068,Access Denied,---,Date Expire
5656,OX-8662021010100,2036-01-01 20:10:13,1069,Access Denied,---,Date Expire
5656,OX-8662021010100,2036-01-01 20:10:42,1070,Access Denied,---,Date Expire
5656,OX-8662021010100,2036-01-01 20:12:10,1071,Access Denied,---,Date Expire
5656,OX-8662021010100,2036-01-01 20:12:25,1072,Access Denied,---,Date Expire
5656,OX-8662021010100,2036-01-01 20:29:03,1073,Access Denied,---,Date Expire
5656,OX-8662021010100,2036-01-01 20:29:14,1074,Access Denied,---,Date Expire
5656,OX-8662021010100,2036-01-01 20:54:55,1075,Access Denied,---,Date Expire
5656,OX-8662021010100,2036-01-01 20:55:52,1076,Access Denied,---,Date Expire
5656,OX-8662021010100,2036-01-01 21:44:47,1077,Access Denied,---,Date Expire
5656,OX-8662021010100,2036-01-01 21:45:04,1078,Access Denied,---,Date Expire
5656,OX-8662021010100,2036-01-01 21:56:04,1079,Access Denied,---,Date Expire
5656,OX-8662021010100,2036-01-01 21:56:33,1080,Access Denied,---,Date Expire
5656,OX-8662021010100,2036-01-01 21:58:13,1081,Access Denied,---,Date Expire
5656,OX-8662021010100,2036-01-01 22:56:32,1082,Access Denied,---,Date Expire
5656,OX-8662021010100,2036-01-01 22:56:43,1083,Access Denied,---,Date Expire
5656,OX-8662021010100,2036-01-01 22:56:58,1084,Access Denied,---,Date Expire
